2-00086,A Dietemann
2-00087,ACTUELS D
2-00088,ANCHORAGE BOROUGH
2-00089,ATA circuit
2-00091,Admiralty sure
2-00092,Aid Medicated
2-00093,All Samba
2-00094,American oilseeds
2-00095,Angelic Vision
2-00096,App Service
2-00097,Arkansas Hale
2-00100,BR Kelpsas
2-00102,Baha be
2-00106,Blackish green
2-00108,Brassington would
2-00109,Brunswick Memorial
2-00110,But Doom
2-00112,CHARLES RUSSEL
2-00115,Canadian Scholarship
2-00121,Cochrane Colby
2-00123,Conduit near
2-00124,Control Alleged
2-00126,Croatian protests
2-00129,Daddy follow
2-00132,Devons do
2-00133,Discounting Principle
2-00134,Donald Sias
2-00135,Drying Cooling
2-00136,E Pains
2-00137,EQUATIONS Suppose
2-00138,Ecology Section
2-00140,End interview
2-00141,Ergo there
2-00142,Evanston Ill
2-00143,Exultant now
2-00147,Finkelhor has
2-00149,Fragmentation Techniques
2-00150,Front successfully
2-00152,Galician knights
2-00155,Gookin speaks
2-00157,Gutters repaired
2-00159,Hale twins
2-00160,Hasidic understanding
2-00162,Highway BURWOOD
2-00163,Holyoke series
2-00165,I Balkan
2-00168,Illustrated be
2-00172,Its Volcanoes
2-00174,Jeannine Sims
2-00175,John Sulley
2-00179,Knapton PJ
2-00182,Ladies Especially
2-00183,Laughlin Visitor
2-00185,Liisa in
2-00186,Local discontinuity
2-00191,Maitland protested
2-00192,Maodonald in
2-00193,Mary Longden
2-00194,McCain why
2-00196,Mezhidov and
2-00200,Ms Nicoletta
2-00203,Naquitz phase
2-00204,Nestorians regarded
2-00205,Njuguna language
2-00206,Norman Gabay
2-00211,Orthodox Metropolis
2-00212,P DeMund
2-00214,PROCEDURE Apart
2-00216,Passage once
2-00218,Pflugmacher and
2-00219,Pine zones
2-00220,Poland somehow
2-00221,Pounden was
2-00222,Primary God
2-00223,Properly objected
2-00224,Purpose Committees
2-00226,REPAYMENTS ARE
2-00227,Radiator division
2-00228,Re policy
2-00229,Regional Transitions
2-00230,Res Quotidianae
2-00231,Richenbach
2-00232,Rogerson of
2-00233,Rudolf Steiner
2-00237,Sachon River
2-00239,Schools Sold
2-00240,Sectional type
2-00241,Sentrale Statistiekdiens
2-00242,Shared team
2-00245,Soehnlen Piping
2-00247,Stacy Fox
2-00249,Student reply
2-00250,Super Spy
2-00251,Synthetic Office
2-00253,TRANSPORT Table
2-00255,Tentative talks
2-00256,The Weccacoe
2-00257,Their u
2-00258,Those gleams
2-00263,USE Priorities
2-00264,University Peabody
2-00265,VALUE MEASURE
2-00266,Varaize
2-00267,Vie thought
2-00269,WITHOUT TAXING
2-00270,Wartime Sarajevo
2-00271,Wessex Wholesale
2-00272,Whole Held
2-00274,Wycherly who
2-00275,Year Kanoto
2-00319,a tinworks
2-00324,again Meantime
2-00335,arcade acts
2-00338,assets Trade
2-00341,avoidable difficulties
2-00342,balloon maintenance
2-00343,batterypowered lamp
2-00348,blue sunlight
2-00350,breadmaker and
2-00352,but unliving
2-00355,canvas rags
2-00357,ceiling grow
2-00358,chAR
2-00361,class Households
2-00362,cloudy setting
2-00364,commetce
2-00365,complementary acidic
2-00366,concerning Recent
2-00368,construct sidewalk
2-00370,copied brand
2-00374,cursory idea
2-00375,damp lowlands
2-00377,dedicated ethanol
2-00378,deletion recommendations
2-00379,depicting fixed
2-00380,desktop what
2-00382,diffused incomparable
2-00383,discharge Mill
2-00384,disposition beneficial
2-00385,divorce bills
2-00387,driven key
2-00388,dynamic literal
2-00389,east falling
2-00390,efficient excited
2-00391,elegant sips
2-00392,employee morality
2-00394,entire apprenticeship
2-00395,erasing evil
2-00397,everlasting strikes
2-00398,exciting fierce
2-00399,expensive settlement
2-00401,fail surface
2-00402,fashionable addition
2-00403,fell meditating
2-00404,fifth EARL
2-00405,fins innumerable
2-00406,flea hop
2-00407,followed Deborah
2-00408,for Misaligned
2-00409,formalize general
2-00412,fuch welcome
2-00414,general lamp
2-00415,giddy ungrateful
2-00417,grams in
2-00418,grievous disturbances
2-00420,handsome Rama
2-00422,hector Amy
2-00423,herself stir
2-00424,his blackmailing
2-00425,homewards quickly
2-00426,how compilations
2-00429,image abstracts
2-00430,importunate visit
2-00433,incorporating remarks
2-00434,inducement described
2-00436,insolvency several
2-00439,involved depicting
2-00441,itial contact
2-00442,join rugby
2-00443,keene steele
2-00444,knowledges belonging
2-00445,lackies mounted
2-00447,leader Chief
2-00449,licenses worked
2-00450,limits access
2-00451,live overlapping
2-00452,lone statistic
2-00453,lowering religious
2-00454,mad Samuel
2-00455,making Lynchburg
2-00457,material declared
2-00458,measurements began
2-00459,mended solution
2-00460,meticulous argumentation
2-00461,min rights
2-00463,monde medieval
2-00466,myrth ye
2-00467,national insults
2-00468,needle pocket
2-00469,new Graflex
2-00470,no anchorage
2-00472,nouns originated
2-00473,oa shall
2-00475,of Raupach
2-00477,of Wanssum
2-00478,office pros
2-00480,onders and
2-00482,or valetudinary
2-00483,organization Committees
2-00484,others sprawled
2-00485,over Tasajara
2-00489,patriots dug
2-00490,people curious
2-00491,permitting Bryan
2-00493,pipin
2-00495,pole perpendicularly
2-00496,portrayed Brazil
2-00497,power welcome
2-00498,precipitate denotes
2-00499,presentiment verified
2-00501,produced coincides
2-00504,publicity His
2-00505,puzzle somewhat
2-00506,quirky main
2-00507,rams making
2-00508,reached offering
2-00510,redheaded man
2-00511,register oil
2-00512,religious Chinese
2-00513,replaced back
2-00514,research receded
2-00515,restriction family
2-00516,rewind is
2-00518,rowl or
2-00522,se beker
2-00523,seduced since
2-00525,series Considering
2-00526,shade grass
2-00527,shipping debates
2-00528,side guaranteed
2-00529,since Leadville
2-00531,smiling painted
2-00532,soleus alone
2-00534,specifically perpetuated
2-00535,spotted grubs
2-00536,stantly speaking
2-00537,stereotype insofar
2-00538,strait on
2-00540,subsidies abolished
2-00542,supply pumpsets
2-00543,swallowing smoking
2-00544,tO play
2-00546,tell Vasili
2-00547,territory papers
2-00548,that formin
2-00549,the Govsrnment
2-00554,these snippings
2-00555,this impious
2-00557,time ferreting
2-00558,to Pignoria
2-00561,tradewind would
2-00563,troops stray
2-00567,unheated cabins
2-00568,unpleasant mail
2-00570,using Bayley
2-00572,vehicle framed
2-00573,viable morulae
2-00574,vital can
2-00575,wail got
2-00576,was anticiapted
2-00577,webbed across
2-00578,what Irie
2-00579,which affectionate
2-00580,whose trefoil
2-00581,wit howe
2-00583,workingclass feeling
2-00584,wyll utter
2-00585,yoi now